{"accuracy": 0.8369565217391305, "precision": 0.8691588785046729, "recall": 0.8532110091743119, "f1": 0.8611111111111112}